{"1-s2.0-S2352250X23001574-main.pdf": {"total_time": 0.0019421577453613281, "total_pages": 6, "time_per_page": 0.00032369295756022137, "total_chars": 34792}, "40359_2023_Article_1210.pdf": {"total_time": 0.0010561943054199219, "total_pages": 5, "time_per_page": 0.00021123886108398438, "total_chars": 24822}, "jhab032.pdf": {"total_time": 0.0007588863372802734, "total_pages": 20, "time_per_page": 3.794431686401367e-05, "total_chars": 62405}}