{"1-s2.0-S2352250X23001574-main.pdf": {"total_time": 7.702516794204712, "total_pages": 6, "time_per_page": 1.2837527990341187, "total_chars": 33786}, "40359_2023_Article_1210.pdf": {"total_time": 5.3865203857421875, "total_pages": 5, "time_per_page": 1.0773040771484375, "total_chars": 24823}, "jhab032.pdf": {"total_time": 18.713449001312256, "total_pages": 20, "time_per_page": 0.9356724500656128, "total_chars": 61295}}