{"1-s2.0-S2352250X23001574-main.pdf": {"total_time": 7.633456707000732, "total_pages": 6, "time_per_page": 1.272242784500122, "total_chars": 33786}, "40359_2023_Article_1210.pdf": {"total_time": 6.381348133087158, "total_pages": 5, "time_per_page": 1.2762696266174316, "total_chars": 24823}, "jhab032.pdf": {"total_time": 17.83316135406494, "total_pages": 20, "time_per_page": 0.8916580677032471, "total_chars": 61295}}